count,word
1,menu
1,cache
1,zen
1,search
1,action
1,gist
1,item
1,panel
1,com
1,normal
1,light
1,body
1,black
1,event
1,container
1,unit
1,price
1,visually
1,list
1,order
1,available
1,online
1,message
1,primary
1,view
1,amt
1,thumbnail
1,eligibility
1,wrap
1,datum
1,analytic
1,state
1,spacer
1,image
1,count
1,detail
1,for
1,offer
1,parent
1,availability
1,thumb
1,button
1,pricing
1,rollback
1,mobile
1,screen
1,badge
1,leave
1,qty
1,icon
1,header
1,down
1,date
1,hide
1,stock
1,reader
1,current
1,be
1,query
1,limited
1,comparison
1,any
1,status
1,registry
1,link
1,review
1,min
1,align
1,bind
1,standard
1,only
1,description
1,rating
1,percent
1,copy
1,product
1,fade
1,star
1,section
1,store
1,category
1,grocery
1,drop
1,opener
1,lazy
1,title
1,all
1,cover
1,loading
1,quantity
1,popup
1,type
